burst_id,frame_idx,in_x,in_s
20260429_195637_gen1,0,1,0
20260430_014310_gen4,2,0,1
20260430_025823_gen1,1,1,0
20260430_025823_gen1,2,1,0
20260430_025823_gen1,4,1,0
20260430_044430_gen2,0,1,0
20260430_044430_gen2,1,0,1
20260430_075151_gen3,9,1,0
20260430_095312_gen1,0,1,0
20260430_175945_gen1,4,1,0
20260430_175945_gen1,7,1,0
20260430_175945_gen1,8,1,0
20260430_182502_gen2,7,0,1
20260430_182502_gen2,8,0,1
20260430_193929_gen29,0,1,0
20260501_003731_gen2,2,1,0
20260501_003731_gen2,6,1,0
20260501_015148_gen1,0,1,0
20260501_015148_gen1,5,1,0
20260501_020310_gen2,0,1,0
20260501_020310_gen2,1,1,0
20260501_020310_gen2,4,1,0
20260501_044907_gen1,9,1,0
20260501_045009_gen2,1,1,0
20260501_190332_gen1,0,1,0
20260501_190332_gen1,2,0,1
20260501_190332_gen1,5,1,0
20260501_190332_gen1,7,1,0
20260501_190332_gen1,8,1,0
20260501_190332_gen1,9,1,0
20260501_201612_gen3,0,1,0
20260501_201612_gen3,1,1,0
20260501_224743_gen2,9,1,0
20260502_014312_gen1,0,1,0
20260502_054254_gen3,1,1,0
20260502_063343_gen1,5,1,0
20260502_063343_gen1,6,1,0
20260502_063343_gen1,7,1,0
20260502_173313_gen1,6,0,1
20260502_173313_gen1,8,1,0
20260502_174947_gen2,2,0,1
20260502_200312_gen16,0,1,0
20260502_200312_gen16,3,1,0
20260502_200312_gen16,4,1,0
20260502_200312_gen16,5,1,0
20260502_200442_gen17,0,1,0
20260502_200442_gen17,1,1,0
20260502_200442_gen17,3,1,0
20260502_201103_gen18,0,1,0
20260502_201103_gen18,4,1,0
20260502_203647_gen1,2,1,0
20260502_203647_gen1,3,1,0
20260502_203647_gen1,4,1,0
20260502_203647_gen1,5,1,0
20260502_203647_gen1,9,1,0
20260502_214455_gen3,0,0,1
20260502_214455_gen3,2,0,1
20260502_214455_gen3,5,1,0
20260502_232305_gen1,2,1,0
20260502_232305_gen1,5,1,0
20260503_021439_gen1,1,1,0
20260503_021439_gen1,5,1,0
20260503_041546_gen2,7,1,0
20260503_062916_gen3,1,0,1
20260503_062916_gen3,3,0,1
20260503_062916_gen3,4,0,1
20260503_065045_gen4,3,0,1
20260503_065045_gen4,4,0,1
20260503_065045_gen4,5,0,1
20260503_065045_gen4,6,0,1
20260503_065045_gen4,8,0,1
20260503_070044_gen6,0,0,1
20260503_070044_gen6,3,0,1
20260503_070044_gen6,4,1,0
20260503_070044_gen6,8,1,0
20260503_071153_gen7,7,1,0
20260503_071153_gen7,9,1,0
20260503_122213_gen2,0,0,1
20260503_172616_gen1,1,1,0
20260503_172616_gen1,2,1,0
20260503_172616_gen1,3,1,0
20260503_172616_gen1,9,0,1
20260503_180716_gen3,3,0,1
20260503_180716_gen3,8,1,0
20260503_180716_gen3,9,1,0
20260503_181708_gen4,1,1,0
20260503_181708_gen4,2,1,0
20260503_181708_gen4,3,1,0
20260503_181708_gen4,4,1,0
20260503_181708_gen4,7,1,0
20260503_185705_gen6,0,0,1
20260503_185705_gen6,2,0,1
20260503_185705_gen6,5,0,1
20260503_210505_gen1,1,1,0
20260504_013527_gen5,0,1,0
20260504_013527_gen5,3,1,0
20260504_014822_gen6,3,1,0
20260504_014822_gen6,4,1,0
20260504_014822_gen6,5,0,1
20260504_014822_gen6,7,1,0
20260504_015516_gen7,7,1,0
20260504_020915_gen9,1,1,0
20260504_020915_gen9,5,1,0
20260504_021353_gen10,1,1,0
20260504_021353_gen10,8,1,0
20260504_050730_gen1,1,0,1
20260504_050730_gen1,2,0,1
20260504_050730_gen1,5,0,1
20260504_050730_gen1,8,1,0
20260504_050730_gen1,9,1,0
20260504_051349_gen2,1,1,0
20260504_051349_gen2,4,1,0
20260504_051349_gen2,5,0,1
20260504_052832_gen1,8,1,0
20260504_054207_gen2,3,1,0
20260504_054207_gen2,4,1,0
20260504_072359_gen1,1,1,0
20260504_072359_gen1,2,1,0
20260504_072359_gen1,3,1,0
20260504_072359_gen1,6,0,1
20260504_193135_gen1,1,1,0
20260504_193135_gen1,3,1,0
20260504_193135_gen1,4,1,0
20260504_193806_gen2,4,1,0
20260504_193806_gen2,5,1,0
20260504_193806_gen2,6,1,0
20260504_234213_gen1,9,1,0
20260505_005540_gen1,0,1,0
20260505_012501_gen2,1,1,0
20260505_012501_gen2,4,1,0
20260505_025335_gen1,5,1,0
20260505_031927_gen2,2,1,0
20260505_031927_gen2,3,1,0
20260505_071844_gen2,5,1,0
20260505_071844_gen2,6,1,0
20260505_071921_gen3,5,1,0
20260505_071921_gen3,7,1,0
20260505_071921_gen3,9,0,1
20260505_072122_gen4,2,1,0
20260505_072122_gen4,3,1,0
20260505_072122_gen4,6,1,0
20260505_072122_gen4,7,1,0
20260505_073140_gen6,0,1,0
20260505_110523_gen8,0,1,0
20260505_174210_gen1,1,1,0
20260505_174210_gen1,2,1,0
20260505_174210_gen1,3,1,0
20260505_174210_gen1,4,1,0
20260505_174210_gen1,5,1,0
20260505_174210_gen1,7,1,0
20260505_191144_gen2,1,1,0
20260505_191144_gen2,3,1,0
20260505_191144_gen2,4,1,0
20260505_194219_gen3,5,0,1
20260505_194219_gen3,6,0,1
20260505_194219_gen3,7,0,1
20260505_194219_gen3,9,1,0
20260505_195825_gen4,8,1,0
20260505_201426_gen5,5,0,1
20260505_201426_gen5,6,0,1
20260505_201426_gen5,7,0,1
20260505_201426_gen5,9,1,0
20260505_212859_gen2,0,1,0
20260505_212859_gen2,2,1,0
20260505_212859_gen2,3,1,0
20260505_212859_gen2,6,0,1
20260505_212859_gen2,7,1,0
20260505_212930_gen3,0,1,0
20260505_212930_gen3,1,1,0
20260505_212930_gen3,6,1,0
20260505_212930_gen3,7,1,0
20260505_221411_gen11,1,1,0
20260505_221411_gen11,2,1,0
20260505_221411_gen11,3,1,0
20260505_221931_gen13,0,1,0
20260505_221931_gen13,1,1,0
20260505_222759_gen15,0,0,1
20260505_222759_gen15,1,1,0
20260505_225217_gen18,2,1,0
20260505_225217_gen18,5,0,1
20260505_225217_gen18,7,1,0
20260505_225217_gen18,8,1,0
20260505_225519_gen21,0,0,1
20260505_225519_gen21,2,0,1
20260505_225519_gen21,3,0,1
20260505_225519_gen21,6,0,1
20260505_225519_gen21,8,0,1
20260505_230846_gen22,0,1,0
20260505_230846_gen22,7,1,0
20260505_231157_gen23,0,1,0
20260505_231157_gen23,1,1,0
20260505_231548_gen24,1,1,0
20260505_232424_gen25,5,1,0
20260505_232424_gen25,6,1,0
20260505_232532_gen27,1,1,0
20260505_232532_gen27,2,1,0
20260505_232532_gen27,3,1,0
20260505_232532_gen27,4,1,0
20260505_232532_gen27,5,1,0
20260505_232532_gen27,7,1,0
20260505_234028_gen30,0,1,0
20260505_234028_gen30,1,1,0
20260505_234028_gen30,2,1,0
20260505_234028_gen30,3,1,0
20260505_234028_gen30,4,1,0
20260506_001046_gen38,2,1,0
20260506_001046_gen38,3,1,0
20260506_001046_gen38,4,1,0
20260506_001046_gen38,8,1,0
20260506_001046_gen38,9,1,0
20260506_010955_gen1,1,1,0
20260506_010955_gen1,2,1,0
20260506_010955_gen1,4,1,0
20260506_013555_gen1,2,1,0
20260506_013555_gen1,3,1,0
20260506_013555_gen1,4,1,0
20260506_013555_gen1,5,1,0
20260506_013555_gen1,7,1,0
20260506_045151_gen2,0,1,0
20260506_045151_gen2,9,1,0
20260506_045904_gen3,5,1,0
20260506_045904_gen3,6,1,0
20260506_050005_gen6,1,1,0
20260506_050005_gen6,2,1,0
20260506_050625_gen7,5,1,0
20260506_050625_gen7,6,1,0
20260506_061412_gen9,2,1,0
20260506_061412_gen9,6,0,1
20260506_061559_gen11,3,1,0
20260506_061559_gen11,4,1,0
20260506_061559_gen11,6,1,0
20260506_061559_gen11,7,1,0
20260506_061559_gen11,8,1,0
20260506_061704_gen13,4,1,0
20260506_181858_gen1,6,0,1
20260506_181858_gen1,7,1,0
20260506_181858_gen1,8,1,0
20260506_181858_gen1,9,1,0
20260506_192055_gen3,2,1,0
20260506_192055_gen3,6,1,0
20260506_194735_gen4,3,0,1
20260506_194735_gen4,4,0,1
20260506_194735_gen4,5,0,1
20260506_194735_gen4,6,0,1
20260506_194735_gen4,8,1,0
20260506_194735_gen4,9,1,0
20260506_213844_gen1,0,1,0
20260506_213844_gen1,1,1,0
20260506_213844_gen1,2,1,0
20260506_213844_gen1,3,1,0
20260506_214834_gen2,4,0,1
20260506_214834_gen2,6,1,0
20260507_001250_gen1,2,1,0
20260507_001250_gen1,4,1,0
20260507_022449_gen2,2,1,0
20260507_022449_gen2,3,1,0
20260507_022449_gen2,4,1,0
20260507_022449_gen2,7,1,0
20260507_032001_gen3,2,1,0
20260507_032001_gen3,3,1,0
20260507_032001_gen3,4,1,0
20260507_032001_gen3,6,1,0
20260507_034511_gen4,6,1,0
20260507_034511_gen4,7,1,0
20260507_053106_gen1,0,1,0
20260507_053106_gen1,2,1,0
20260507_053106_gen1,7,1,0
20260507_072102_gen1,6,0,1
20260507_072102_gen1,7,0,1
20260507_072102_gen1,8,1,0
20260507_072632_gen2,2,1,0
20260507_072632_gen2,7,1,0
20260507_080536_gen3,0,1,0
20260507_080536_gen3,3,1,0
20260507_080536_gen3,4,1,0
20260507_080536_gen3,6,0,1
20260507_080536_gen3,7,0,1
20260507_080536_gen3,8,0,1
20260507_182110_gen2,0,1,0
20260507_182110_gen2,7,1,0
20260507_182110_gen2,8,1,0
20260507_182110_gen2,9,1,0
20260507_182207_gen3,3,0,1
20260507_182207_gen3,4,0,1
20260507_182207_gen3,5,0,1
20260507_182207_gen3,6,0,1
20260507_182207_gen3,7,0,1
20260507_184625_gen4,5,1,0
20260507_190152_gen5,5,0,1
20260507_190152_gen5,6,0,1
20260507_193746_gen6,2,1,0
20260507_193746_gen6,9,0,1
20260507_201315_gen7,5,1,0
20260507_201315_gen7,7,1,0
20260507_202455_gen8,0,1,0
20260507_202455_gen8,1,0,1
20260507_202455_gen8,4,0,1
20260507_202455_gen8,8,1,0
20260507_202455_gen8,9,1,0
20260507_212120_gen9,4,1,0
20260507_212120_gen9,5,1,0
20260507_212120_gen9,6,1,0
20260507_212120_gen9,7,1,0
20260507_212120_gen9,9,1,0
20260507_213150_gen11,0,1,0
20260507_213150_gen11,3,1,0
20260507_232821_gen12,2,1,0
20260507_232821_gen12,4,1,0
20260507_232821_gen12,5,1,0
20260508_040939_gen2,4,1,0
20260508_040939_gen2,6,1,0
20260508_040939_gen2,7,1,0
20260508_201948_gen1,4,0,1
20260508_201948_gen1,5,0,1
20260508_201948_gen1,6,0,1
20260508_201948_gen1,7,0,1
20260508_201948_gen1,8,0,1
20260508_201948_gen1,9,0,1
20260508_202100_gen2,0,0,1
20260508_203043_gen6,3,1,0
20260508_203043_gen6,4,1,0
20260508_203058_gen7,0,1,0
20260508_203058_gen7,1,1,0
20260508_203058_gen7,2,1,0
20260508_203058_gen7,6,0,1
20260508_204850_gen3,0,1,0
20260508_204953_gen5,0,1,0
20260508_204953_gen5,6,0,1
20260508_204953_gen5,7,0,1
20260508_204953_gen5,8,0,1
20260508_204953_gen5,9,0,1
20260508_205337_gen11,1,1,0
20260508_205337_gen11,5,1,0
20260508_205337_gen11,9,1,0
20260508_205406_gen13,4,0,1
20260508_205406_gen13,8,0,1
20260508_205406_gen13,9,0,1
20260508_222748_gen2,2,1,0
20260508_231843_gen5,0,1,0
20260508_231912_gen6,3,1,0
20260508_234256_gen1,7,1,0
20260508_234256_gen1,9,0,1
20260509_021325_gen9,0,1,0
20260509_051223_gen1,6,1,0
20260509_051416_gen2,2,1,0
20260509_051416_gen2,3,0,1
20260509_051416_gen2,5,1,0
20260509_051416_gen2,9,1,0
20260509_070630_gen1,2,0,1
20260509_071449_gen2,0,1,0
20260509_071449_gen2,3,1,0
20260509_071449_gen2,5,1,0
20260509_071449_gen2,6,1,0
20260509_081048_gen5,3,1,0
20260509_081048_gen5,5,1,0
20260509_081048_gen5,6,1,0
20260509_081048_gen5,9,0,1
20260509_081259_gen6,0,1,0
20260509_081259_gen6,7,1,0
20260509_084539_gen7,1,1,0
20260509_084539_gen7,9,1,0
20260509_085647_gen8,2,1,0
20260509_085647_gen8,4,1,0
20260509_185211_gen1,9,1,0
20260509_194609_gen2,4,0,1
20260509_194609_gen2,5,0,1
20260509_194609_gen2,7,0,1
20260509_210615_gen1,2,1,0
20260509_210615_gen1,3,1,0
20260509_210615_gen1,6,1,0
20260509_210615_gen1,8,1,0
20260509_232132_gen1,0,1,0
20260509_232132_gen1,1,1,0
20260509_232205_gen2,0,1,0
20260509_232205_gen2,1,1,0
20260509_232205_gen2,2,0,1
20260509_232205_gen2,3,1,0
20260510_032039_gen1,0,1,0
20260510_032039_gen1,2,1,0
20260510_032039_gen1,3,1,0
20260510_080623_gen2,8,0,1
20260510_083738_gen4,5,0,1
20260510_083738_gen4,9,1,0
20260510_085242_gen5,1,1,0
20260510_085400_gen7,8,1,0
20260510_085716_gen8,8,1,0
20260510_085847_gen9,1,0,1
20260510_085847_gen9,4,1,0
20260510_085847_gen9,7,0,1
20260510_085847_gen9,8,1,0
20260510_095157_gen1,4,1,0
20260510_095157_gen1,5,1,0
20260510_095227_gen2,4,1,0
20260510_095313_gen4,6,1,0
20260510_095330_gen5,0,0,1
20260510_095330_gen5,3,0,1
20260510_095330_gen5,6,0,1
20260510_095330_gen5,8,1,0
20260510_095439_gen6,1,1,0
20260510_100729_gen7,4,1,0
20260510_101324_gen8,2,0,1
20260510_101324_gen8,5,1,0
20260510_101324_gen8,7,1,0
20260510_101324_gen8,8,1,0
20260510_101324_gen8,9,1,0
20260510_101604_gen9,8,1,0
20260510_101700_gen10,9,0,1
20260510_121527_gen13,7,1,0
20260510_121527_gen13,8,1,0
20260510_133208_gen15,3,0,1
20260510_133208_gen15,7,0,1
20260510_134637_gen16,0,1,0
20260510_134637_gen16,4,1,0
20260510_175156_gen1,1,1,0
20260510_180523_gen2,5,1,0
20260510_180523_gen2,8,1,0
20260510_185156_gen3,5,0,1
20260510_185156_gen3,6,0,1
20260510_185900_gen4,6,0,1
20260510_185941_gen5,4,0,1
20260510_185941_gen5,5,0,1
20260510_185941_gen5,6,0,1
20260510_185941_gen5,7,0,1
20260510_185941_gen5,9,1,0
20260510_194106_gen9,0,1,0
20260510_194452_gen11,0,0,1
20260510_194452_gen11,2,0,1
20260510_194452_gen11,3,1,0
20260510_213205_gen1,1,1,0
20260510_213205_gen1,2,1,0
20260510_213205_gen1,3,1,0
20260510_213205_gen1,4,1,0
20260510_213205_gen1,6,1,0
20260511_002616_gen1,0,1,0
20260511_002616_gen1,1,1,0
20260511_002616_gen1,3,1,0
20260511_002616_gen1,5,1,0
20260511_002616_gen1,7,1,0
20260511_002616_gen1,8,1,0
20260511_045246_gen1,3,1,0
20260511_045246_gen1,5,1,0
20260511_045246_gen1,6,1,0
20260511_045246_gen1,7,1,0
20260511_045344_gen5,0,0,1
20260511_045344_gen5,7,1,0
20260511_050035_gen6,4,1,0
20260511_050035_gen6,5,1,0
20260511_050035_gen6,6,1,0
20260511_050035_gen6,7,1,0
20260511_061841_gen1,5,0,1
20260511_061841_gen1,7,0,1
20260511_061841_gen1,8,0,1
20260511_070958_gen4,0,0,1
20260511_070958_gen4,7,0,1
20260511_161713_gen1,0,0,1
20260511_161713_gen1,1,0,1
20260511_161713_gen1,2,0,1
20260511_161713_gen1,3,0,1
20260511_161713_gen1,8,0,1
20260511_161956_gen2,3,1,0
20260511_161956_gen2,5,0,1
20260511_163027_gen3,7,0,1
20260511_163027_gen3,8,0,1
20260511_163227_gen4,4,1,0
20260511_182952_gen7,1,0,1
20260511_182952_gen7,2,0,1
20260511_182952_gen7,6,1,0
20260511_191050_gen10,1,1,0
20260511_191050_gen10,2,1,0
20260511_191050_gen10,3,1,0
20260511_191050_gen10,4,1,0
20260511_191050_gen10,5,1,0
20260511_191050_gen10,6,1,0
20260511_191050_gen10,7,0,1
20260511_195434_gen1,4,0,1
20260511_195434_gen1,5,0,1
20260511_195434_gen1,6,0,1
20260511_195434_gen1,7,1,0
20260511_201518_gen1,0,1,0
20260511_201518_gen1,1,1,0
20260511_201518_gen1,2,1,0
20260511_214438_gen2,7,1,0
20260511_214452_gen3,2,1,0
20260511_225534_gen1,0,1,0
20260511_225534_gen1,1,1,0
20260511_232617_gen2,0,1,0
20260511_232617_gen2,2,1,0
20260511_232617_gen2,9,1,0
20260511_233943_gen1,1,1,0
20260511_233943_gen1,2,1,0
20260511_233943_gen1,3,1,0
20260511_233943_gen1,4,1,0
20260511_233943_gen1,5,1,0
20260511_233943_gen1,7,1,0
20260512_013740_gen1,1,1,0
20260512_013740_gen1,2,1,0
20260512_013740_gen1,3,1,0
20260512_013740_gen1,4,1,0
20260512_013740_gen1,6,1,0
20260512_014807_gen6,5,1,0
20260512_014807_gen6,6,1,0
20260512_014927_gen9,8,0,1
20260512_035156_gen1,2,1,0
20260512_035156_gen1,6,0,1
20260512_035156_gen1,9,0,1
20260512_043338_gen2,2,1,0
20260512_043338_gen2,3,1,0
20260512_070525_gen3,0,1,0
20260512_070525_gen3,2,1,0
20260512_070525_gen3,3,1,0
20260512_070525_gen3,5,1,0
20260512_070525_gen3,9,0,1
20260512_073347_gen6,3,1,0
20260512_073347_gen6,5,1,0
20260512_073831_gen7,1,1,0
20260512_073831_gen7,2,1,0
20260512_073831_gen7,8,1,0
20260512_073844_gen8,9,0,1
20260512_073910_gen9,5,1,0
20260512_074810_gen11,8,1,0
20260512_074810_gen11,9,1,0
20260512_074852_gen12,3,1,0
20260512_074852_gen12,4,1,0
20260512_074852_gen12,5,1,0
20260512_075650_gen14,4,1,0
20260512_131817_gen1,0,1,0
20260512_131817_gen1,8,0,1
20260512_132122_gen2,0,0,1
20260512_132122_gen2,6,1,0
20260512_132122_gen2,7,1,0
20260512_132122_gen2,9,1,0
20260512_135300_gen3,2,0,1
20260512_191323_gen4,0,1,0
20260512_191323_gen4,1,1,0
20260512_194755_gen2,0,1,0
20260512_194755_gen2,1,1,0
20260512_194755_gen2,5,0,1
20260512_194755_gen2,7,0,1
20260512_225807_gen1,1,1,0
20260512_225807_gen1,2,1,0
20260512_225807_gen1,4,1,0
20260512_225807_gen1,5,1,0
20260512_231622_gen4,1,1,0
20260513_001556_gen5,6,1,0
20260513_070807_gen1,7,0,1
20260513_070807_gen1,8,1,0
20260513_071442_gen2,5,0,1
20260513_074949_gen6,1,1,0
20260513_083647_gen1,1,0,1
20260513_083647_gen1,8,1,0
20260513_083702_gen2,1,1,0
20260513_084519_gen3,2,1,0
20260513_084519_gen3,5,0,1
20260513_101347_gen1,0,0,1
20260513_101347_gen1,1,0,1
20260513_101347_gen1,8,1,0
20260513_101347_gen1,9,1,0
20260513_101429_gen2,1,1,0
20260513_120616_gen3,0,0,1
20260513_170032_gen4,6,0,1
20260513_171825_gen5,8,1,0
20260513_172136_gen6,1,1,0
20260513_172136_gen6,2,1,0
20260513_172136_gen6,3,1,0
20260513_172136_gen6,4,1,0
20260513_172136_gen6,5,1,0
20260513_172136_gen6,6,1,0
20260513_182819_gen7,0,1,0
20260513_182819_gen7,1,1,0
20260513_211441_gen3,6,1,0
20260513_211441_gen3,8,1,0
20260513_224657_gen9,0,1,0
20260513_224657_gen9,2,1,0
20260513_224657_gen9,4,1,0
20260514_000754_gen5,5,1,0
20260514_000754_gen5,6,0,1
20260514_000754_gen5,8,0,1
20260514_000925_gen6,4,0,1
20260514_000925_gen6,8,1,0
20260514_000925_gen6,9,0,1
20260514_003119_gen8,7,1,0
20260514_023154_gen1,2,1,0
20260514_023208_gen2,4,1,0
20260514_070544_gen1,0,0,1
20260514_070544_gen1,3,1,0
20260514_070544_gen1,5,1,0
20260514_070544_gen1,7,0,1
20260514_070544_gen1,8,0,1
20260514_072549_gen2,3,0,1
20260514_090702_gen4,8,0,1
20260514_100403_gen1,1,1,0
20260514_100403_gen1,9,0,1
20260514_101356_gen2,2,0,1
20260514_101356_gen2,3,1,0
20260514_101356_gen2,4,1,0
20260514_101356_gen2,8,1,0
20260514_120717_gen3,2,0,1
20260514_120717_gen3,4,0,1
20260514_120717_gen3,9,0,1
20260514_120731_gen4,0,0,1
20260514_120731_gen4,2,0,1
20260514_120731_gen4,3,0,1
20260514_120746_gen5,0,0,1
20260514_120746_gen5,5,0,1
20260514_120746_gen5,7,0,1
20260514_183106_gen1,7,1,0
20260514_183106_gen1,8,1,0
20260514_190204_gen3,1,1,0
20260514_190204_gen3,2,1,0
20260514_190204_gen3,5,1,0
20260514_205859_gen7,0,1,0
20260514_205859_gen7,1,1,0
20260514_205859_gen7,2,1,0
20260514_205859_gen7,4,1,0
20260514_205859_gen7,6,1,0
20260514_205859_gen7,7,1,0
20260514_205859_gen7,8,1,0
20260514_210412_gen8,8,0,1
20260514_232901_gen1,3,1,0
20260514_233130_gen2,4,1,0
20260514_233130_gen2,5,1,0
20260514_233248_gen3,0,1,0
20260514_233248_gen3,3,0,1
20260514_233248_gen3,4,1,0
20260514_233248_gen3,5,1,0
20260514_233356_gen5,0,0,1
20260514_235213_gen7,1,1,0
20260514_235213_gen7,5,1,0
20260514_235213_gen7,6,1,0
20260514_235213_gen7,7,1,0
20260515_000749_gen8,1,1,0
20260515_000749_gen8,2,1,0
20260515_000749_gen8,4,1,0
20260515_000749_gen8,5,1,0
20260515_000749_gen8,7,1,0
20260515_004257_gen11,1,1,0
20260515_004257_gen11,2,1,0
20260515_004257_gen11,6,1,0
20260515_013311_gen12,4,1,0
20260515_013311_gen12,6,1,0
20260515_031942_gen14,5,1,0
20260515_031942_gen14,9,1,0
20260515_032343_gen17,0,1,0
20260515_032343_gen17,8,1,0
20260515_032644_gen21,2,1,0
20260515_041242_gen1,0,1,0
20260515_041254_gen2,6,1,0
20260515_041254_gen2,9,1,0
20260516_023522_gen1,3,1,0
20260516_023522_gen1,4,1,0
20260516_023522_gen1,5,1,0
20260516_023522_gen1,7,1,0
20260516_024006_gen2,2,1,0
20260516_024006_gen2,3,1,0
20260516_024006_gen2,4,1,0
20260516_024006_gen2,9,1,0
20260517_010914_gen1,1,1,0
20260517_010914_gen1,6,1,0
20260520_034353_gen1,0,1,0
20260520_034353_gen1,1,1,0
20260520_034353_gen1,3,1,0
20260520_034353_gen1,6,0,1
20260520_034353_gen1,9,1,0
20260520_050651_gen1,4,1,0
20260520_050651_gen1,5,0,1
20260520_050651_gen1,8,1,0
20260520_075249_gen1,5,1,0
20260520_080435_gen2,0,1,0
20260520_080435_gen2,4,0,1
20260520_150620_gen1,0,0,1
20260520_150620_gen1,1,0,1
20260520_150620_gen1,2,0,1
20260520_150620_gen1,3,0,1
20260520_150620_gen1,4,1,0
20260520_150620_gen1,5,1,0
20260520_150620_gen1,6,1,0
20260520_150620_gen1,7,1,0
20260520_150620_gen1,9,0,1
20260520_151012_gen3,9,1,0
20260520_155116_gen1,3,1,0
20260520_155116_gen1,9,0,1
20260520_173228_gen2,9,1,0
20260520_183212_gen4,7,0,1
20260520_193042_gen6,8,1,0
20260520_203641_gen2,0,1,0
20260520_203641_gen2,1,1,0
20260520_203641_gen2,3,1,0
20260520_203641_gen2,9,1,0
20260520_212620_gen10,7,1,0
20260520_212620_gen10,8,1,0
20260520_221137_gen11,0,0,1
20260520_221137_gen11,1,1,0
20260520_221137_gen11,5,1,0
20260520_221137_gen11,6,1,0
20260520_221137_gen11,9,1,0
20260521_013251_gen4,3,1,0
20260521_013251_gen4,4,1,0
20260521_013251_gen4,5,1,0
20260521_013251_gen4,6,1,0
20260521_013251_gen4,7,1,0
20260521_013251_gen4,8,1,0
20260521_013251_gen4,9,0,1
20260521_030427_gen1,9,1,0
20260521_045816_gen1,6,1,0
20260521_064310_gen2,1,1,0
20260521_064310_gen2,2,1,0
20260521_064310_gen2,4,1,0
20260521_064310_gen2,9,0,1
20260521_064605_gen3,1,1,0
20260521_064605_gen3,2,1,0
20260521_064605_gen3,7,1,0
20260521_064605_gen3,8,0,1
20260521_064752_gen4,6,1,0
20260521_080701_gen2,2,1,0
20260521_080701_gen2,4,1,0
20260521_150744_gen1,4,1,0
20260521_150744_gen1,8,0,1
20260521_154756_gen2,0,0,1
20260521_154756_gen2,7,1,0
20260521_154756_gen2,8,1,0
20260521_163253_gen3,2,1,0
20260521_163253_gen3,3,1,0
20260521_163253_gen3,6,0,1
20260522_073908_gen4,0,1,0
20260523_003056_gen1,0,1,0
20260523_003308_gen2,4,1,0
20260523_003308_gen2,9,1,0
20260523_030714_gen1,0,1,0
20260523_030714_gen1,4,1,0
20260523_030714_gen1,5,1,0
20260524_025220_gen1,2,1,0
20260524_025220_gen1,7,1,0
20260524_025220_gen1,9,1,0
20260527_010505_gen1,5,1,0
20260527_010505_gen1,6,1,0
20260527_010505_gen1,9,1,0
20260527_202311_gen2,0,1,0
20260527_202311_gen2,2,1,0
20260527_202311_gen2,4,1,0
20260527_202311_gen2,5,1,0
20260527_204728_gen3,4,1,0
20260527_204728_gen3,6,1,0
20260527_204728_gen3,8,1,0
20260527_204728_gen3,9,1,0
20260527_214422_gen4,2,1,0
20260527_214422_gen4,3,1,0
20260527_214422_gen4,4,1,0
20260527_214530_gen5,6,1,0
20260527_214530_gen5,7,1,0
20260527_214847_gen8,0,1,0
20260527_214847_gen8,8,0,1
20260527_215602_gen9,5,1,0
20260527_215602_gen9,6,1,0
20260527_215602_gen9,9,1,0
20260527_231152_gen2,1,1,0
20260527_231152_gen2,2,1,0
20260527_231152_gen2,4,1,0
20260527_231152_gen2,6,1,0
20260527_231152_gen2,7,1,0
20260527_231152_gen2,9,1,0
20260528_004003_gen1,2,1,0
20260528_022229_gen1,2,1,0
20260528_022229_gen1,3,1,0
20260528_022229_gen1,5,1,0
20260528_022229_gen1,7,1,0
20260528_022229_gen1,8,1,0
20260528_024934_gen1,2,1,0
20260528_024934_gen1,3,1,0
20260528_024934_gen1,6,1,0
20260528_024934_gen1,7,1,0
20260528_032157_gen2,1,1,0
20260528_032157_gen2,2,1,0
20260528_032157_gen2,3,1,0
20260528_033102_gen3,4,1,0
20260528_064508_gen5,9,1,0
20260528_074604_gen1,0,1,0
20260528_074604_gen1,2,1,0
20260528_074604_gen1,7,0,1
20260528_090623_gen1,3,1,0
20260528_090623_gen1,4,1,0
20260528_090623_gen1,6,1,0
20260528_090623_gen1,7,1,0
20260528_203145_gen1,1,1,0
20260528_230028_gen6,4,1,0
20260528_230028_gen6,8,0,1
20260528_230028_gen6,9,1,0
20260529_032723_gen3,4,1,0
20260529_032723_gen3,5,1,0
20260529_034247_gen5,0,1,0
20260529_034247_gen5,1,1,0
20260529_034247_gen5,4,1,0
20260529_034247_gen5,5,1,0
20260529_034247_gen5,6,1,0
20260529_042114_gen6,4,1,0
20260529_042114_gen6,6,1,0
20260529_042114_gen6,7,1,0
20260529_042114_gen6,8,1,0
20260529_042114_gen6,9,1,0
20260529_042756_gen2,2,1,0
20260529_042756_gen2,3,1,0
20260529_043644_gen3,7,0,1
20260529_043644_gen3,8,0,1
20260529_043644_gen3,9,1,0
20260529_070014_gen1,4,0,1
20260529_073151_gen3,7,0,1
20260529_081047_gen5,1,1,0
20260529_081047_gen5,2,1,0
20260529_081047_gen5,3,1,0
20260529_081047_gen5,4,0,1
20260529_081047_gen5,6,1,0
20260529_081047_gen5,7,1,0
20260529_081047_gen5,8,1,0
20260529_152319_gen1,6,0,1
20260529_152319_gen1,7,0,1
20260529_152319_gen1,9,1,0
20260529_233328_gen2,3,1,0
20260529_233328_gen2,6,1,0
20260529_233328_gen2,8,1,0
20260529_233328_gen2,9,1,0
20260530_031421_gen2,0,1,0
20260530_031421_gen2,2,1,0
20260530_060351_gen1,4,1,0
20260530_074803_gen2,0,1,0
20260530_074803_gen2,2,1,0
20260530_074803_gen2,3,0,1
20260530_213333_gen1,3,1,0
20260530_213333_gen1,4,1,0
20260530_213333_gen1,7,1,0
20260530_235959_gen1,1,1,0
20260530_235959_gen1,2,1,0
20260530_235959_gen1,7,1,0
